{
  "accuracy@0.5": 0.8666666666666667,
  "precision@0.5": 1.0,
  "recall@0.5": 0.1111111111111111,
  "f1@0.5": 0.2,
  "average_precision": 0.24514485694519764,
  "roc_auc": 0.47058823529411764,
  "r_precision": 0.1111111111111111,
  "wss@90": -0.016666666666666607,
  "wss@95": 0.033333333333333326,
  "ndcg": 0.6093328347792735,
  "brier": 0.1320170214295238,
  "max_f1_over_thresholds": 0.28125,
  "precision_at_recall_0.90": 0.16363636363636364,
  "precision_at_recall_0.95": 0.16363636363636364,
  "screening_fraction_at_recall_0.90": 0.9166666666666666,
  "screening_fraction_at_recall_0.95": 0.9166666666666666,
  "precision@thr_recall_0.90": 0.14285714285714285,
  "recall@thr_recall_0.90": 0.7777777777777778,
  "f1@thr_recall_0.90": 0.2413793103448276,
  "positive_rate@thr_recall_0.90": 0.8166666666666667,
  "precision@thr_recall_0.95": 0.14285714285714285,
  "recall@thr_recall_0.95": 0.7777777777777778,
  "f1@thr_recall_0.95": 0.2413793103448276,
  "positive_rate@thr_recall_0.95": 0.8166666666666667,
  "precision@10": 0.1,
  "recall@10": 0.1111111111111111,
  "precision@20": 0.1,
  "recall@20": 0.2222222222222222,
  "precision@30": 0.13333333333333333,
  "recall@30": 0.4444444444444444,
  "precision@50": 0.14,
  "recall@50": 0.7777777777777778,
  "first_relevant_rank": 1.0,
  "last_relevant_rank": 55.0,
  "threshold_recall_0.90": 0.016033717106579717,
  "threshold_recall_0.95": 0.016033717106579717,
  "n_train": 192,
  "n_val": 48,
  "n_test": 60
}