{
  "accuracy@0.5": 0.85,
  "precision@0.5": 0.0,
  "recall@0.5": 0.0,
  "f1@0.5": 0.0,
  "average_precision": 0.3260593991526195,
  "roc_auc": 0.6187363834422658,
  "r_precision": 0.2222222222222222,
  "wss@90": -0.08333333333333326,
  "wss@95": -0.033333333333333326,
  "ndcg": 0.6740920885196268,
  "brier": 0.1531849083020198,
  "max_f1_over_thresholds": 0.39999999999999997,
  "precision_at_recall_0.90": 0.15254237288135594,
  "precision_at_recall_0.95": 0.15254237288135594,
  "screening_fraction_at_recall_0.90": 0.9833333333333333,
  "screening_fraction_at_recall_0.95": 0.9833333333333333,
  "precision@thr_recall_0.90": 0.29411764705882354,
  "recall@thr_recall_0.90": 0.5555555555555556,
  "f1@thr_recall_0.90": 0.38461538461538464,
  "positive_rate@thr_recall_0.90": 0.2833333333333333,
  "precision@thr_recall_0.95": 0.29411764705882354,
  "recall@thr_recall_0.95": 0.5555555555555556,
  "f1@thr_recall_0.95": 0.38461538461538464,
  "positive_rate@thr_recall_0.95": 0.2833333333333333,
  "precision@10": 0.3,
  "recall@10": 0.3333333333333333,
  "precision@20": 0.25,
  "recall@20": 0.5555555555555556,
  "precision@30": 0.2,
  "recall@30": 0.6666666666666666,
  "precision@50": 0.16,
  "recall@50": 0.8888888888888888,
  "first_relevant_rank": 1.0,
  "last_relevant_rank": 59.0,
  "threshold_recall_0.90": 0.3364105580605358,
  "threshold_recall_0.95": 0.3364105580605358,
  "n_train": 192,
  "n_val": 48,
  "n_test": 60
}