{
  "accuracy@0.5": 0.8,
  "precision@0.5": 0.2,
  "recall@0.5": 0.1111111111111111,
  "f1@0.5": 0.14285714285714285,
  "average_precision": 0.34855720588479205,
  "roc_auc": 0.6492374727668846,
  "r_precision": 0.3333333333333333,
  "wss@90": -0.06666666666666665,
  "wss@95": -0.01666666666666672,
  "ndcg": 0.6926245747065833,
  "brier": 0.12892734566831185,
  "max_f1_over_thresholds": 0.39999999999999997,
  "precision_at_recall_0.90": 0.15517241379310345,
  "precision_at_recall_0.95": 0.15517241379310345,
  "screening_fraction_at_recall_0.90": 0.9666666666666667,
  "screening_fraction_at_recall_0.95": 0.9666666666666667,
  "precision@thr_recall_0.90": 0.29411764705882354,
  "recall@thr_recall_0.90": 0.5555555555555556,
  "f1@thr_recall_0.90": 0.38461538461538464,
  "positive_rate@thr_recall_0.90": 0.2833333333333333,
  "precision@thr_recall_0.95": 0.29411764705882354,
  "recall@thr_recall_0.95": 0.5555555555555556,
  "f1@thr_recall_0.95": 0.38461538461538464,
  "positive_rate@thr_recall_0.95": 0.2833333333333333,
  "precision@10": 0.3,
  "recall@10": 0.3333333333333333,
  "precision@20": 0.25,
  "recall@20": 0.5555555555555556,
  "precision@30": 0.2,
  "recall@30": 0.6666666666666666,
  "precision@50": 0.16,
  "recall@50": 0.8888888888888888,
  "first_relevant_rank": 1.0,
  "last_relevant_rank": 58.0,
  "threshold_recall_0.90": 0.17031503105282683,
  "threshold_recall_0.95": 0.17031503105282683,
  "n_train": 192,
  "n_val": 48,
  "n_test": 60
}