{
  "lr_word_tfidf_balanced": {
    "accuracy@0.5": 0.85,
    "precision@0.5": 0.0,
    "recall@0.5": 0.0,
    "f1@0.5": 0.0,
    "average_precision": 0.3260593991526195,
    "roc_auc": 0.6187363834422658,
    "r_precision": 0.2222222222222222,
    "wss@90": -0.08333333333333326,
    "wss@95": -0.033333333333333326,
    "ndcg": 0.6740920885196268,
    "brier": 0.1531849083020198,
    "max_f1_over_thresholds": 0.39999999999999997,
    "precision_at_recall_0.90": 0.15254237288135594,
    "precision_at_recall_0.95": 0.15254237288135594,
    "screening_fraction_at_recall_0.90": 0.9833333333333333,
    "screening_fraction_at_recall_0.95": 0.9833333333333333,
    "precision@thr_recall_0.90": 0.29411764705882354,
    "recall@thr_recall_0.90": 0.5555555555555556,
    "f1@thr_recall_0.90": 0.38461538461538464,
    "positive_rate@thr_recall_0.90": 0.2833333333333333,
    "precision@thr_recall_0.95": 0.29411764705882354,
    "recall@thr_recall_0.95": 0.5555555555555556,
    "f1@thr_recall_0.95": 0.38461538461538464,
    "positive_rate@thr_recall_0.95": 0.2833333333333333,
    "precision@10": 0.3,
    "recall@10": 0.3333333333333333,
    "precision@20": 0.25,
    "recall@20": 0.5555555555555556,
    "precision@30": 0.2,
    "recall@30": 0.6666666666666666,
    "precision@50": 0.16,
    "recall@50": 0.8888888888888888,
    "first_relevant_rank": 1.0,
    "last_relevant_rank": 59.0,
    "threshold_recall_0.90": 0.3364105580605358,
    "threshold_recall_0.95": 0.3364105580605358,
    "n_train": 192,
    "n_val": 48,
    "n_test": 60
  },
  "cnb_word_tfidf": {
    "accuracy@0.5": 0.8666666666666667,
    "precision@0.5": 1.0,
    "recall@0.5": 0.1111111111111111,
    "f1@0.5": 0.2,
    "average_precision": 0.24514485694519764,
    "roc_auc": 0.47058823529411764,
    "r_precision": 0.1111111111111111,
    "wss@90": -0.016666666666666607,
    "wss@95": 0.033333333333333326,
    "ndcg": 0.6093328347792735,
    "brier": 0.1320170214295238,
    "max_f1_over_thresholds": 0.28125,
    "precision_at_recall_0.90": 0.16363636363636364,
    "precision_at_recall_0.95": 0.16363636363636364,
    "screening_fraction_at_recall_0.90": 0.9166666666666666,
    "screening_fraction_at_recall_0.95": 0.9166666666666666,
    "precision@thr_recall_0.90": 0.14285714285714285,
    "recall@thr_recall_0.90": 0.7777777777777778,
    "f1@thr_recall_0.90": 0.2413793103448276,
    "positive_rate@thr_recall_0.90": 0.8166666666666667,
    "precision@thr_recall_0.95": 0.14285714285714285,
    "recall@thr_recall_0.95": 0.7777777777777778,
    "f1@thr_recall_0.95": 0.2413793103448276,
    "positive_rate@thr_recall_0.95": 0.8166666666666667,
    "precision@10": 0.1,
    "recall@10": 0.1111111111111111,
    "precision@20": 0.1,
    "recall@20": 0.2222222222222222,
    "precision@30": 0.13333333333333333,
    "recall@30": 0.4444444444444444,
    "precision@50": 0.14,
    "recall@50": 0.7777777777777778,
    "first_relevant_rank": 1.0,
    "last_relevant_rank": 55.0,
    "threshold_recall_0.90": 0.016033717106579717,
    "threshold_recall_0.95": 0.016033717106579717,
    "n_train": 192,
    "n_val": 48,
    "n_test": 60
  },
  "calibrated_svm_word_char": {
    "accuracy@0.5": 0.8,
    "precision@0.5": 0.2,
    "recall@0.5": 0.1111111111111111,
    "f1@0.5": 0.14285714285714285,
    "average_precision": 0.34855720588479205,
    "roc_auc": 0.6492374727668846,
    "r_precision": 0.3333333333333333,
    "wss@90": -0.06666666666666665,
    "wss@95": -0.01666666666666672,
    "ndcg": 0.6926245747065833,
    "brier": 0.12892734566831185,
    "max_f1_over_thresholds": 0.39999999999999997,
    "precision_at_recall_0.90": 0.15517241379310345,
    "precision_at_recall_0.95": 0.15517241379310345,
    "screening_fraction_at_recall_0.90": 0.9666666666666667,
    "screening_fraction_at_recall_0.95": 0.9666666666666667,
    "precision@thr_recall_0.90": 0.29411764705882354,
    "recall@thr_recall_0.90": 0.5555555555555556,
    "f1@thr_recall_0.90": 0.38461538461538464,
    "positive_rate@thr_recall_0.90": 0.2833333333333333,
    "precision@thr_recall_0.95": 0.29411764705882354,
    "recall@thr_recall_0.95": 0.5555555555555556,
    "f1@thr_recall_0.95": 0.38461538461538464,
    "positive_rate@thr_recall_0.95": 0.2833333333333333,
    "precision@10": 0.3,
    "recall@10": 0.3333333333333333,
    "precision@20": 0.25,
    "recall@20": 0.5555555555555556,
    "precision@30": 0.2,
    "recall@30": 0.6666666666666666,
    "precision@50": 0.16,
    "recall@50": 0.8888888888888888,
    "first_relevant_rank": 1.0,
    "last_relevant_rank": 58.0,
    "threshold_recall_0.90": 0.17031503105282683,
    "threshold_recall_0.95": 0.17031503105282683,
    "n_train": 192,
    "n_val": 48,
    "n_test": 60
  }
}