{
  "generated_at": "2026-02-23T08:08:35.193474+00:00",
  "input": "/home/kana/.openclaw/workspace/asys_comp/data/screening_input.xlsx",
  "split_protocol": {
    "method": "RepeatedStratifiedKFold",
    "n_splits": 5,
    "n_repeats": 3,
    "random_state": 42,
    "n_total_rows": 300,
    "n_usable_rows": 300,
    "n_dropped_rows": 0,
    "class_counts": {
      "0": 257,
      "1": 43
    }
  },
  "metrics_reported": [
    "average_precision",
    "roc_auc",
    "wss@95",
    "precision@10",
    "recall@10",
    "precision@20",
    "recall@20",
    "precision@50",
    "recall@50",
    "fit_seconds",
    "score_seconds",
    "n_features"
  ],
  "summary_rows": [
    {
      "model_id": "improved_calibrated_svm_word_char",
      "display_name": "Improved Calibrated SVM (word+char TF-IDF)",
      "cohort": "improved",
      "lightweight": true,
      "average_precision_mean": 0.5688720550676253,
      "average_precision_std": 0.09856178843162254,
      "roc_auc_mean": 0.8207237025864477,
      "roc_auc_std": 0.06706049132657581,
      "wss@95_mean": 0.3155555555555555,
      "wss@95_std": 0.17233994952145656,
      "precision@10_mean": 0.49333333333333335,
      "precision@10_std": 0.09611501047232543,
      "recall@10_mean": 0.576851851851852,
      "recall@10_std": 0.12803488051715342,
      "precision@20_mean": 0.31333333333333335,
      "precision@20_std": 0.05498917642417936,
      "recall@20_mean": 0.7324074074074074,
      "recall@20_std": 0.14255737213621095,
      "precision@50_mean": 0.16933333333333334,
      "precision@50_std": 0.01032795558988644,
      "recall@50_mean": 0.9851851851851853,
      "recall@50_std": 0.039096197252722044,
      "fit_seconds_mean": 1.047006358858198,
      "fit_seconds_std": 0.023799862995438296,
      "score_seconds_mean": 0.21730077101383358,
      "score_seconds_std": 0.016588551159107113,
      "n_features_mean": 130219.0,
      "n_folds": 15,
      "rank": 1
    },
    {
      "model_id": "candidate_lr_word_char",
      "display_name": "Candidate LR (word+char TF-IDF)",
      "cohort": "candidate",
      "lightweight": true,
      "average_precision_mean": 0.5682356521982642,
      "average_precision_std": 0.09811115826142873,
      "roc_auc_mean": 0.8212847745935982,
      "roc_auc_std": 0.062473740079031205,
      "wss@95_mean": 0.3122222222222222,
      "wss@95_std": 0.16790807512779632,
      "precision@10_mean": 0.49333333333333335,
      "precision@10_std": 0.09611501047232547,
      "recall@10_mean": 0.576851851851852,
      "recall@10_std": 0.12803488051715337,
      "precision@20_mean": 0.30666666666666664,
      "precision@20_std": 0.0416904693916396,
      "recall@20_mean": 0.7166666666666667,
      "recall@20_std": 0.11207419909280086,
      "precision@50_mean": 0.16933333333333334,
      "precision@50_std": 0.01032795558988644,
      "recall@50_mean": 0.9851851851851853,
      "recall@50_std": 0.039096197252722044,
      "fit_seconds_mean": 1.0084545638489848,
      "fit_seconds_std": 0.028931172931895444,
      "score_seconds_mean": 0.21645621387287975,
      "score_seconds_std": 0.015052628113168572,
      "n_features_mean": 130219.0,
      "n_folds": 15,
      "rank": 2
    },
    {
      "model_id": "candidate_linear_svc_isotonic_word_char",
      "display_name": "Candidate Calibrated LinearSVC isotonic (word+char TF-IDF)",
      "cohort": "candidate",
      "lightweight": true,
      "average_precision_mean": 0.5468871054827446,
      "average_precision_std": 0.10519084059168941,
      "roc_auc_mean": 0.8091672602089268,
      "roc_auc_std": 0.07244274064478218,
      "wss@95_mean": 0.27999999999999997,
      "wss@95_std": 0.21017755154774065,
      "precision@10_mean": 0.5,
      "precision@10_std": 0.08451542547285164,
      "recall@10_mean": 0.5842592592592593,
      "recall@10_std": 0.11141657746088854,
      "precision@20_mean": 0.31333333333333335,
      "precision@20_std": 0.054989176424179366,
      "recall@20_mean": 0.7305555555555555,
      "recall@20_std": 0.13443247355862328,
      "precision@50_mean": 0.168,
      "precision@50_std": 0.010141851056742193,
      "recall@50_mean": 0.9777777777777777,
      "recall@50_std": 0.046004370622823636,
      "fit_seconds_mean": 1.0196210827212782,
      "fit_seconds_std": 0.02459238789290146,
      "score_seconds_mean": 0.17920905706317475,
      "score_seconds_std": 0.023711436373966985,
      "n_features_mean": 130219.0,
      "n_folds": 15,
      "rank": 3
    },
    {
      "model_id": "candidate_sgd_word_char",
      "display_name": "Candidate SGD log-loss (word+char TF-IDF)",
      "cohort": "candidate",
      "lightweight": true,
      "average_precision_mean": 0.5322197697694571,
      "average_precision_std": 0.11392261869070515,
      "roc_auc_mean": 0.7780536003575219,
      "roc_auc_std": 0.07691967182876601,
      "wss@95_mean": 0.17666666666666664,
      "wss@95_std": 0.17214796146025263,
      "precision@10_mean": 0.4666666666666667,
      "precision@10_std": 0.08997354108424371,
      "recall@10_mean": 0.5453703703703704,
      "recall@10_std": 0.11755457036424176,
      "precision@20_mean": 0.29,
      "precision@20_std": 0.054116276928216585,
      "recall@20_mean": 0.6768518518518519,
      "recall@20_std": 0.1341931053950512,
      "precision@50_mean": 0.16133333333333333,
      "precision@50_std": 0.014074631010979928,
      "recall@50_mean": 0.9388888888888889,
      "recall@50_std": 0.07270140182390225,
      "fit_seconds_mean": 1.0065935804741457,
      "fit_seconds_std": 0.02624234532207388,
      "score_seconds_mean": 0.21151048940761635,
      "score_seconds_std": 0.017150798098401972,
      "n_features_mean": 130219.0,
      "n_folds": 15,
      "rank": 4
    },
    {
      "model_id": "candidate_calibrated_sgd_word_char",
      "display_name": "Candidate Calibrated SGD (word+char TF-IDF)",
      "cohort": "candidate",
      "lightweight": true,
      "average_precision_mean": 0.530616534672411,
      "average_precision_std": 0.13055993227191176,
      "roc_auc_mean": 0.7868079995530975,
      "roc_auc_std": 0.08631483591399974,
      "wss@95_mean": 0.25666666666666665,
      "wss@95_std": 0.19627483161070228,
      "precision@10_mean": 0.47333333333333333,
      "precision@10_std": 0.09611501047232549,
      "recall@10_mean": 0.5518518518518519,
      "recall@10_std": 0.11542549660924016,
      "precision@20_mean": 0.29,
      "precision@20_std": 0.060356086212221736,
      "recall@20_mean": 0.675,
      "recall@20_std": 0.14307192848206357,
      "precision@50_mean": 0.16666666666666666,
      "precision@50_std": 0.009759000729485327,
      "recall@50_mean": 0.9703703703703703,
      "recall@50_std": 0.05085974535745152,
      "fit_seconds_mean": 1.0391114324952164,
      "fit_seconds_std": 0.04919019335521282,
      "score_seconds_mean": 0.22793019392993302,
      "score_seconds_std": 0.014913640165514153,
      "n_features_mean": 130219.0,
      "n_folds": 15,
      "rank": 5
    },
    {
      "model_id": "candidate_lr_elasticnet_word_char",
      "display_name": "Candidate ElasticNet LR (word+char TF-IDF)",
      "cohort": "candidate",
      "lightweight": true,
      "average_precision_mean": 0.5273982478741767,
      "average_precision_std": 0.11502143148996191,
      "roc_auc_mean": 0.796999818445897,
      "roc_auc_std": 0.056609912936127965,
      "wss@95_mean": 0.24555555555555547,
      "wss@95_std": 0.15397725386885788,
      "precision@10_mean": 0.44666666666666666,
      "precision@10_std": 0.09154754164341268,
      "recall@10_mean": 0.5194444444444444,
      "recall@10_std": 0.10108537959692276,
      "precision@20_mean": 0.3,
      "precision@20_std": 0.03273268353539885,
      "recall@20_mean": 0.700925925925926,
      "recall@20_std": 0.09591908210351799,
      "precision@50_mean": 0.16933333333333334,
      "precision@50_std": 0.010327955589886442,
      "recall@50_mean": 0.9851851851851853,
      "recall@50_std": 0.03909619725272205,
      "fit_seconds_mean": 8.099050605669618,