{
  "generated_at": "2026-02-23T09:38:05.864950+00:00",
  "input": "/home/kana/.openclaw/workspace/asys_comp/data/screening_input.xlsx",
  "split_protocol": {
    "method": "RepeatedStratifiedKFold",
    "n_splits": 5,
    "n_repeats": 3,
    "random_state": 42,
    "n_total_rows": 300,
    "n_usable_rows": 300,
    "n_dropped_rows": 0,
    "class_counts": {
      "0": 257,
      "1": 43
    }
  },
  "metrics_reported": [
    "average_precision",
    "roc_auc",
    "wss@95",
    "precision@10",
    "recall@10",
    "precision@20",
    "recall@20",
    "precision@50",
    "recall@50",
    "fit_seconds",
    "score_seconds",
    "n_features"
  ],
  "summary_rows": [
    {
      "model_id": "improved_calibrated_svm_word_char",
      "display_name": "Improved Calibrated SVM (word+char TF-IDF)",
      "cohort": "improved",
      "model_source": "core",
      "dory_classifier": "",
      "lightweight": true,
      "average_precision_mean": 0.5688720550676253,
      "average_precision_std": 0.09856178843162254,
      "roc_auc_mean": 0.8207237025864477,
      "roc_auc_std": 0.06706049132657581,
      "wss@95_mean": 0.3155555555555555,
      "wss@95_std": 0.17233994952145656,
      "precision@10_mean": 0.49333333333333335,
      "precision@10_std": 0.09611501047232543,
      "recall@10_mean": 0.576851851851852,
      "recall@10_std": 0.12803488051715342,
      "precision@20_mean": 0.31333333333333335,
      "precision@20_std": 0.05498917642417936,
      "recall@20_mean": 0.7324074074074074,
      "recall@20_std": 0.14255737213621095,
      "precision@50_mean": 0.16933333333333334,
      "precision@50_std": 0.01032795558988644,
      "recall@50_mean": 0.9851851851851853,
      "recall@50_std": 0.039096197252722044,
      "fit_seconds_mean": 0.9795656424636642,
      "fit_seconds_std": 0.031886263251035815,
      "score_seconds_mean": 0.20595640092312048,
      "score_seconds_std": 0.014137591591219127,
      "n_features_mean": 130219.0,
      "n_folds": 15,
      "rank": 1
    },
    {
      "model_id": "candidate_lr_word_char",
      "display_name": "Candidate LR (word+char TF-IDF)",
      "cohort": "candidate",
      "model_source": "core",
      "dory_classifier": "",
      "lightweight": true,
      "average_precision_mean": 0.5682356521982642,
      "average_precision_std": 0.09811115826142873,
      "roc_auc_mean": 0.8212847745935982,
      "roc_auc_std": 0.062473740079031205,
      "wss@95_mean": 0.3122222222222222,
      "wss@95_std": 0.16790807512779632,
      "precision@10_mean": 0.49333333333333335,
      "precision@10_std": 0.09611501047232547,
      "recall@10_mean": 0.576851851851852,
      "recall@10_std": 0.12803488051715337,
      "precision@20_mean": 0.30666666666666664,
      "precision@20_std": 0.0416904693916396,
      "recall@20_mean": 0.7166666666666667,
      "recall@20_std": 0.11207419909280086,
      "precision@50_mean": 0.16933333333333334,
      "precision@50_std": 0.01032795558988644,
      "recall@50_mean": 0.9851851851851853,
      "recall@50_std": 0.039096197252722044,
      "fit_seconds_mean": 0.9875123197368035,
      "fit_seconds_std": 0.08346369331717579,
      "score_seconds_mean": 0.21510193579209347,
      "score_seconds_std": 0.011253455414493577,
      "n_features_mean": 130219.0,
      "n_folds": 15,
      "rank": 2
    },
    {
      "model_id": "candidate_sgd_word_char",
      "display_name": "Candidate SGD log-loss (word+char TF-IDF)",
      "cohort": "candidate",
      "model_source": "core",
      "dory_classifier": "",
      "lightweight": true,
      "average_precision_mean": 0.5322197697694571,
      "average_precision_std": 0.11392261869070515,
      "roc_auc_mean": 0.7780536003575219,
      "roc_auc_std": 0.07691967182876601,
      "wss@95_mean": 0.17666666666666664,
      "wss@95_std": 0.17214796146025263,
      "precision@10_mean": 0.4666666666666667,
      "precision@10_std": 0.08997354108424371,
      "recall@10_mean": 0.5453703703703704,
      "recall@10_std": 0.11755457036424176,
      "precision@20_mean": 0.29,
      "precision@20_std": 0.054116276928216585,
      "recall@20_mean": 0.6768518518518519,
      "recall@20_std": 0.1341931053950512,
      "precision@50_mean": 0.16133333333333333,
      "precision@50_std": 0.014074631010979928,
      "recall@50_mean": 0.9388888888888889,
      "recall@50_std": 0.07270140182390225,
      "fit_seconds_mean": 0.934978430190434,
      "fit_seconds_std": 0.022703228074187613,
      "score_seconds_mean": 0.1945341114886105,
      "score_seconds_std": 0.013378414579608934,
      "n_features_mean": 130219.0,
      "n_folds": 15,
      "rank": 3
    },
    {
      "model_id": "candidate_lsa_lr",
      "display_name": "Candidate LSA+LR (SVD semantic projection)",
      "cohort": "candidate",
      "model_source": "core",
      "dory_classifier": "",
      "lightweight": true,
      "average_precision_mean": 0.5014584457332613,
      "average_precision_std": 0.07446500139934889,
      "roc_auc_mean": 0.7969600162002123,
      "roc_auc_std": 0.058420595522537554,
      "wss@95_mean": 0.2544444444444444,
      "wss@95_std": 0.17485443681552398,
      "precision@10_mean": 0.44,
      "precision@10_std": 0.09856107606091623,
      "recall@10_mean": 0.5120370370370371,
      "recall@10_std": 0.1147550621098494,
      "precision@20_mean": 0.31,
      "precision@20_std": 0.050709255283711,
      "recall@20_mean": 0.7231481481481481,
      "recall@20_std": 0.12614845728166632,
      "precision@50_mean": 0.168,
      "precision@50_std": 0.010141851056742193,
      "recall@50_mean": 0.9777777777777777,
      "recall@50_std": 0.046004370622823657,
      "fit_seconds_mean": 2.693549925539022,
      "fit_seconds_std": 0.11469341219580578,
      "score_seconds_mean": 0.04680775940263023,
      "score_seconds_std": 0.0018291648994177212,
      "n_features_mean": 54451.2,
      "n_folds": 15,
      "rank": 4
    },
    {
      "model_id": "baseline_lr_word_tfidf",
      "display_name": "Baseline LR (word TF-IDF)",
      "cohort": "baseline",
      "model_source": "core",
      "dory_classifier": "",
      "lightweight": true,
      "average_precision_mean": 0.47176355346346094,
      "average_precision_std": 0.1293785447393835,
      "roc_auc_mean": 0.7855413105413105,
      "roc_auc_std": 0.05405633519817256,
      "wss@95_mean": 0.2577777777777777,
      "wss@95_std": 0.15847320471851578,
      "precision@10_mean": 0.38666666666666666,
      "precision@10_std": 0.1302013093343571,
      "recall@10_mean": 0.4527777777777778,
      "recall@10_std": 0.15972653548351365,
      "precision@20_mean": 0.29,
      "precision@20_std": 0.043094580368566726,
      "recall@20_mean": 0.6768518518518519,
      "recall@20_std": 0.10635488218290096,
      "precision@50_mean": 0.168,
      "precision@50_std": 0.010141851056742196,
      "recall@50_mean": 0.9777777777777777,
      "recall@50_std": 0.046004370622823636,
      "fit_seconds_mean": 0.15633284827539076,
      "fit_seconds_std": 0.01583807334840502,
      "score_seconds_mean": 0.03596408242980639,
      "score_seconds_std": 0.006551841080842827,
      "n_features_mean": 10078.333333333334,
      "n_folds": 15,
      "rank": 5
    },
    {
      "model_id": "dory_adaboost_word_tfidf",
      "display_name": "Dory AdaBoost (word TF-IDF)",
      "cohort": "dory",
      "model_source": "dory",
      "dory_classifier": "adaboost",
      "lightweight": false,
      "average_precision_mean": 0.29337349169560484,
      "average_precision_std": 0.11057819982855953,
      "roc_auc_mean": 0.643491110831797,
      "roc_auc_std": 0.0739331747577738,
      "wss@95_mean": 0.07777777777777774,
      "wss@95_std": 0.12482792388728803,
      "precision@10_mean": 0.25333333333333335,
      "precision@10_std": 0.10600988273786195,
      "recall@10_mean": 0.29629629629629634,
      "recall@10_std": 0.12441072152674547,
      "precision@20_mean": 0.23,
      "precision@20_std": 0.049280538030458114,
      "recall@20_mean": 0.5333333333333333,